
    {
        "Taipei": {
            "center": [25.0339639, 121.5644722],
            "districts": {
                "TechBuilding": [25.023109556766478, 121.54478523211158],
                "Xinyi": [25.0330, 121.5654]
            }
        },
        "NewTaipei": {
            "center": [25.054605149037315, 121.48990351850277],
            "districts": {
                "Sanchong": [25.054605149037315, 121.48990351850277],
                "Luzhou": [25.0847, 121.4737]
            }
        }
    }
